126482446,https://static-cdn.jtvnw.net/jtv_user_pictures/9e88f9cd-6d93-4e3c-bc4a-025a5e78dbcb-profile_image-300x300.png
94618049,https://static-cdn.jtvnw.net/jtv_user_pictures/68bcd2f1-d493-4ed5-a8bd-70f34b3663eb-profile_image-300x300.jpeg
134899228,https://static-cdn.jtvnw.net/jtv_user_pictures/40efb2cf-38ea-441f-a600-c65da7c1c92c-profile_image-300x300.png
162271954,https://static-cdn.jtvnw.net/jtv_user_pictures/0d59b476-5d90-475c-940e-46dc1482fd35-profile_image-300x300.png
190063430,https://static-cdn.jtvnw.net/jtv_user_pictures/376c3b92-d4bf-470f-9512-013d8f344290-profile_image-300x300.png
854901379,https://static-cdn.jtvnw.net/jtv_user_pictures/b8c699c9-abe8-4f1a-90f2-3ecd53a3e96d-profile_image-300x300.png
931762164,https://static-cdn.jtvnw.net/jtv_user_pictures/34e49d6d-3682-4a45-8331-c96a1d94dc93-profile_image-300x300.png
836316487,https://static-cdn.jtvnw.net/jtv_user_pictures/9ce6539f-9adc-435a-8941-7bcc99785545-profile_image-300x300.png
150785152,https://static-cdn.jtvnw.net/jtv_user_pictures/10cc8ef6-cba2-462b-a77c-8ad3276e7ff4-profile_image-300x300.png
696687647,https://static-cdn.jtvnw.net/jtv_user_pictures/ad0fabf1-9e1a-4213-87c9-7422f9f6e416-profile_image-300x300.png
229306012,https://static-cdn.jtvnw.net/jtv_user_pictures/52199fd9-5092-48f6-808a-d7dddf884bbe-profile_image-300x300.png
823717056,https://static-cdn.jtvnw.net/jtv_user_pictures/6c0fb128-3a45-4415-807f-0831c969500d-profile_image-300x300.png
496970086,https://static-cdn.jtvnw.net/jtv_user_pictures/2d0ce7d8-c001-43fa-8ec7-b027715fd919-profile_image-300x300.png
812255202,https://static-cdn.jtvnw.net/jtv_user_pictures/12b3f21e-74de-4c72-9d5c-3745fed60228-profile_image-300x300.png
131574416,https://static-cdn.jtvnw.net/jtv_user_pictures/3a38f0d6-7175-49af-8dcf-5d7fa596b985-profile_image-300x300.png
92936075,https://static-cdn.jtvnw.net/jtv_user_pictures/e898dd8c-e77a-49fd-a1f7-8dc0769ac670-profile_image-300x300.png
935172419,https://static-cdn.jtvnw.net/jtv_user_pictures/b04e8d25-9a0a-434b-96fc-f712bdb4b274-profile_image-300x300.png
992959945,https://static-cdn.jtvnw.net/jtv_user_pictures/49acdce0-1eb1-4077-91a1-53c96f7595d0-profile_image-300x300.png
79708614,https://static-cdn.jtvnw.net/jtv_user_pictures/d3fb7a36-82fc-4b37-a746-d79a57ed7dd1-profile_image-300x300.png
695556933,https://static-cdn.jtvnw.net/jtv_user_pictures/9c70d9a0-fd05-4bdd-b7a9-011b77befcc9-profile_image-300x300.png
950482325,https://static-cdn.jtvnw.net/jtv_user_pictures/87e83530-be27-4a78-a1b7-09d9a5cc5fc3-profile_image-300x300.png
48034972,https://static-cdn.jtvnw.net/jtv_user_pictures/045af82e-f82e-4583-9d42-3ecb1b9d34b1-profile_image-300x300.png
766771320,https://static-cdn.jtvnw.net/jtv_user_pictures/e42d0b85-fb8e-4356-8915-bf178ebbff01-profile_image-300x300.png
147242239,https://static-cdn.jtvnw.net/jtv_user_pictures/22daead4-3ae2-4411-addf-a28059d5f43c-profile_image-300x300.png
28510438,https://static-cdn.jtvnw.net/jtv_user_pictures/eb74d1fd-8f10-4c03-ba20-e2c4910a5f63-profile_image-300x300.png
163857794,https://static-cdn.jtvnw.net/jtv_user_pictures/2ddb0266-5a08-49cd-a38b-39f32f66085c-profile_image-300x300.png
183905602,https://static-cdn.jtvnw.net/jtv_user_pictures/4a500d3a-be50-4dcd-aa82-63f339d10412-profile_image-300x300.png
206506086,https://static-cdn.jtvnw.net/jtv_user_pictures/0a6383c8-1a77-4fb5-b89a-3597744b343f-profile_image-300x300.png
466250451,https://static-cdn.jtvnw.net/jtv_user_pictures/525191c2-5624-4f1c-830b-06ecd459d16c-profile_image-300x300.png
136255354,https://static-cdn.jtvnw.net/jtv_user_pictures/7c48b6f5-4a52-485b-9590-f3a991e11b5e-profile_image-300x300.png
72552651,https://static-cdn.jtvnw.net/jtv_user_pictures/6cffb4b9-cd07-4ab8-add2-43910bdb7e98-profile_image-300x300.png
179122584,https://static-cdn.jtvnw.net/jtv_user_pictures/c6cba7e4-3f2e-4926-b10e-502c71659721-profile_image-300x300.png
48893421,https://static-cdn.jtvnw.net/jtv_user_pictures/a3d63907-d40b-4731-80a2-b0e4477f8f19-profile_image-300x300.png
446699865,https://static-cdn.jtvnw.net/jtv_user_pictures/e73f5954-ade1-452c-ab7a-c197d93637a7-profile_image-300x300.png
614603576,https://static-cdn.jtvnw.net/jtv_user_pictures/9b7e3fcb-6888-40f9-a83b-0832bb652f82-profile_image-300x300.png
542830589,https://static-cdn.jtvnw.net/jtv_user_pictures/d966ea5c-0a9b-4571-8d44-cb95257ae952-profile_image-300x300.png
543114323,https://static-cdn.jtvnw.net/jtv_user_pictures/37a8184f-15b4-4e16-a61d-2557c90edde2-profile_image-300x300.png
500601197,https://static-cdn.jtvnw.net/jtv_user_pictures/bd7ede21-13bb-44b1-b4ad-ab7c96176200-profile_image-300x300.png
90131691,https://static-cdn.jtvnw.net/jtv_user_pictures/3550eb99-b5b7-4984-8175-98a9a270ff9c-profile_image-300x300.png
467110256,https://static-cdn.jtvnw.net/jtv_user_pictures/cb0cdf4b-9b04-4253-892b-aebc264b0856-profile_image-300x300.png
577392142,https://static-cdn.jtvnw.net/jtv_user_pictures/8ca0f5c6-2045-4a7b-8a39-66e70e39a59b-profile_image-300x300.png
136443021,https://static-cdn.jtvnw.net/jtv_user_pictures/7324b096-566a-4103-82e9-5e60ce1f6c9d-profile_image-300x300.png
496789097,https://static-cdn.jtvnw.net/jtv_user_pictures/2041a3eb-397d-40ea-87e1-7304b3ab7967-profile_image-300x300.png
400123822,https://static-cdn.jtvnw.net/jtv_user_pictures/faeaca1b-84b5-4d35-9454-b8ed29229d75-profile_image-300x300.png
747719636,https://static-cdn.jtvnw.net/jtv_user_pictures/6053bc87-ba87-4e0a-908f-e69d6bedd3e9-profile_image-300x300.png
214737896,https://static-cdn.jtvnw.net/jtv_user_pictures/1c59e822-cf2b-4c4f-a4c9-9e7afd720be9-profile_image-300x300.png
817025645,https://static-cdn.jtvnw.net/jtv_user_pictures/61c4629a-010b-4e28-be7b-d24c8dcd6176-profile_image-300x300.png
65737149,https://static-cdn.jtvnw.net/jtv_user_pictures/bd4bc99e-ffd6-43b3-bbb3-9bb582104b30-profile_image-300x300.png
143662611,https://static-cdn.jtvnw.net/jtv_user_pictures/af6a21fc-5a2b-44b2-88b7-3246989c2cb4-profile_image-300x300.png
250613678,https://static-cdn.jtvnw.net/jtv_user_pictures/ee1cdd0b-7705-4ba0-98cc-cc75e0a8d5a6-profile_image-300x300.png
784258171,https://static-cdn.jtvnw.net/jtv_user_pictures/dd54b957-0336-4d39-9ed9-eb6cd00d6c74-profile_image-300x300.png
142720133,https://static-cdn.jtvnw.net/jtv_user_pictures/3399d8d1-5565-4ccf-90a5-d2caaa55efd6-profile_image-300x300.png
109846704,https://static-cdn.jtvnw.net/jtv_user_pictures/c91dcffa-8472-44c4-9518-f1928db80090-profile_image-300x300.png
906100773,https://static-cdn.jtvnw.net/jtv_user_pictures/7a5af8e5-8968-4656-afbc-d5caf18ea363-profile_image-300x300.png
779129964,https://static-cdn.jtvnw.net/jtv_user_pictures/78ba2a01-7a7d-4539-b392-db54ab909a0c-profile_image-300x300.png
176366889,https://static-cdn.jtvnw.net/jtv_user_pictures/df44e8f6-0564-408e-b55e-0e5704391b20-profile_image-300x300.png
97474134,https://static-cdn.jtvnw.net/jtv_user_pictures/051fae38-cb28-42cb-a022-b1e78ac2eeb4-profile_image-300x300.png
460120312,https://static-cdn.jtvnw.net/jtv_user_pictures/f0f9a64a-ee48-448e-ad2a-213a78ffd568-profile_image-300x300.png
879729668,https://static-cdn.jtvnw.net/jtv_user_pictures/69d1bd43-f881-4d5e-9999-1a21ce10c6b8-profile_image-300x300.png
793808122,https://static-cdn.jtvnw.net/jtv_user_pictures/e47666ce-9ccd-477f-a0b0-9c5c73289ff2-profile_image-300x300.png
533693230,https://static-cdn.jtvnw.net/jtv_user_pictures/0d86dbea-abdc-4c1b-bffb-70667fba788e-profile_image-300x300.png
42304622,https://static-cdn.jtvnw.net/jtv_user_pictures/fda29ec0-6ed2-4024-bc55-d76eeb63186a-profile_image-300x300.png
463657800,https://static-cdn.jtvnw.net/jtv_user_pictures/a86ddd65-c91c-4f59-9bae-41b7e64d056b-profile_image-300x300.png
646825610,https://static-cdn.jtvnw.net/jtv_user_pictures/bc13ff40-0ed2-4c9c-b69f-fa87b0602663-profile_image-300x300.png
149495712,https://static-cdn.jtvnw.net/jtv_user_pictures/fbdf3fb7-8a9c-4305-9b1a-fd4df6183772-profile_image-300x300.png
472964924,https://static-cdn.jtvnw.net/jtv_user_pictures/5f29ae81-2f17-441d-9db6-8c54e955a08d-profile_image-300x300.png
797780136,https://static-cdn.jtvnw.net/jtv_user_pictures/b7a442ea-6a7d-4c44-91c2-0507f0730da4-profile_image-300x300.png
600770697,https://static-cdn.jtvnw.net/jtv_user_pictures/6e0340fd-b5fa-4ace-881f-3f6dc4cc6398-profile_image-300x300.png
74803819,https://static-cdn.jtvnw.net/jtv_user_pictures/6c52ca32-cf57-4570-9fcc-4ca2fd69a91a-profile_image-300x300.png
655322402,https://static-cdn.jtvnw.net/jtv_user_pictures/46c2736b-b580-49ed-8173-1353658aa3ca-profile_image-300x300.png
157825412,https://static-cdn.jtvnw.net/user-default-pictures-uv/41780b5a-def8-11e9-94d9-784f43822e80-profile_image-300x300.png
122391197,https://static-cdn.jtvnw.net/jtv_user_pictures/b9d009e5-49de-4c46-9bc2-9e1051d30168-profile_image-300x300.png
24150891,https://static-cdn.jtvnw.net/jtv_user_pictures/c32d1186-3a8c-4038-8faf-393c5d76dd01-profile_image-300x300.png
848822715,https://static-cdn.jtvnw.net/jtv_user_pictures/af5a0b69-22c1-48b6-96c1-fe964f89b1e3-profile_image-300x300.png
722162135,https://static-cdn.jtvnw.net/jtv_user_pictures/eb8cf0ff-e964-40c3-95dd-9d4e34fcd8e8-profile_image-300x300.png
810038301,https://static-cdn.jtvnw.net/jtv_user_pictures/9ecf65b8-7f64-466b-9b5f-2f7171714c02-profile_image-300x300.png
671313857,https://static-cdn.jtvnw.net/jtv_user_pictures/0e55cd81-eaf9-4365-a76a-08e7a32f8ef7-profile_image-300x300.png
72302349,https://static-cdn.jtvnw.net/jtv_user_pictures/28bc303c-6b1c-4f0a-8ce8-840304782de1-profile_image-300x300.png
517857559,https://static-cdn.jtvnw.net/jtv_user_pictures/7434e2d2-7267-48de-84a7-ea4131f6153c-profile_image-300x300.png
116965093,https://static-cdn.jtvnw.net/jtv_user_pictures/b1e1bc1f-e304-421f-97f5-de2625ab48b4-profile_image-300x300.png
412993949,https://static-cdn.jtvnw.net/jtv_user_pictures/004385b7-4718-423b-b43b-547b789661dd-profile_image-300x300.png
473688875,https://static-cdn.jtvnw.net/jtv_user_pictures/bcf8d990-51ef-4d85-8c68-3ec344071aaf-profile_image-300x300.png
807131251,https://static-cdn.jtvnw.net/jtv_user_pictures/0ee664f7-7fd2-4d1e-8b0a-f67ea795985f-profile_image-300x300.png
752960873,https://static-cdn.jtvnw.net/jtv_user_pictures/dbf21931-2ff8-4d6f-ad4e-69d0b428f8b6-profile_image-300x300.png
160502290,https://static-cdn.jtvnw.net/jtv_user_pictures/8f321316-af1f-446a-9200-590b7ed510a4-profile_image-300x300.jpg
672525214,https://static-cdn.jtvnw.net/jtv_user_pictures/4cb690f7-5832-4c21-8ddf-f8a41b3574aa-profile_image-300x300.png
783589556,https://static-cdn.jtvnw.net/jtv_user_pictures/6ca4e776-086a-4e2f-ad4b-bf2f38bdac8e-profile_image-300x300.png
123278702,https://static-cdn.jtvnw.net/jtv_user_pictures/7714d5ab-dd68-4264-b155-09e6455a8e38-profile_image-300x300.png
191729515,https://static-cdn.jtvnw.net/jtv_user_pictures/2ea26661-ce04-41ff-90fb-26a1e2dc01b9-profile_image-300x300.png
1008424750,https://static-cdn.jtvnw.net/jtv_user_pictures/79aac500-2e87-40d3-9d15-4c5d649ffd92-profile_image-300x300.png
175189837,https://static-cdn.jtvnw.net/jtv_user_pictures/c1efdfa7-67e8-4080-9718-96897fbb1a89-profile_image-300x300.png
169539617,https://static-cdn.jtvnw.net/jtv_user_pictures/1fa56c8d-22d1-46f2-9edd-450474faba50-profile_image-300x300.png
471685664,https://static-cdn.jtvnw.net/jtv_user_pictures/f4aef340-b8bf-4a2a-987e-9b23b52b9f6d-profile_image-300x300.png
776474056,https://static-cdn.jtvnw.net/jtv_user_pictures/cee54a83-dba8-4fc9-b0cc-5e40bb8fd514-profile_image-300x300.png
123355356,https://static-cdn.jtvnw.net/jtv_user_pictures/6c674a3b-10bd-4cca-ab54-5f9a7565237d-profile_image-300x300.png
148588540,https://static-cdn.jtvnw.net/jtv_user_pictures/82095562-be4c-41b2-9a7a-51168e1e4b30-profile_image-300x300.png
512535130,https://static-cdn.jtvnw.net/jtv_user_pictures/7503ced8-fc09-4a77-b322-37769f19cb77-profile_image-300x300.png
184589724,https://static-cdn.jtvnw.net/jtv_user_pictures/9b121768-de19-474d-beb2-5b2c8badbecf-profile_image-300x300.png
741229569,https://static-cdn.jtvnw.net/jtv_user_pictures/48aad627-8bb3-42a3-9e7b-78c71f14fb1a-profile_image-300x300.png
113028874,https://static-cdn.jtvnw.net/jtv_user_pictures/448afe18-e7d3-484e-a18f-d8f047942d83-profile_image-300x300.png
790167759,https://static-cdn.jtvnw.net/jtv_user_pictures/14bd6209-94ce-4d53-80bd-87453a678421-profile_image-300x300.png
414070550,https://static-cdn.jtvnw.net/jtv_user_pictures/293fd905-9c6e-49fd-9eb0-fc3832ce890b-profile_image-300x300.png
716279573,https://static-cdn.jtvnw.net/jtv_user_pictures/ea91d199-f93c-4aed-9aa8-17bf85964cfb-profile_image-300x300.png
216351084,https://static-cdn.jtvnw.net/jtv_user_pictures/33c2cf9b-af61-4332-ac40-722d85f9e44b-profile_image-300x300.png
954973119,https://static-cdn.jtvnw.net/jtv_user_pictures/e44ee327-15b2-4294-9ecd-d1b77c9afc38-profile_image-300x300.png
29923971,https://static-cdn.jtvnw.net/jtv_user_pictures/2803efa3-c69a-44f5-98b7-f63d35aa6e2c-profile_image-300x300.png
773185713,https://static-cdn.jtvnw.net/jtv_user_pictures/512b8442-9e10-4b8d-8cd0-45020a098d13-profile_image-300x300.png
704557048,https://static-cdn.jtvnw.net/jtv_user_pictures/eb2ab2f2-b4d0-4b6b-9a29-1ad097751d14-profile_image-300x300.png
776751504,https://static-cdn.jtvnw.net/jtv_user_pictures/c938439f-6cd1-409a-a9d7-9dadc83079ca-profile_image-300x300.png
71897376,https://static-cdn.jtvnw.net/jtv_user_pictures/e11f4dba-8532-411a-9255-64811bee4dad-profile_image-300x300.png
271117427,https://static-cdn.jtvnw.net/jtv_user_pictures/2aa4233c-b0fc-49bf-b1b8-730a859d409f-profile_image-300x300.png
626747405,https://static-cdn.jtvnw.net/jtv_user_pictures/8fb17a04-9a2c-4bf7-bae7-e08dc4da5767-profile_image-300x300.png
820262215,https://static-cdn.jtvnw.net/jtv_user_pictures/75015f43-3a8b-445e-b6ae-1247277081f3-profile_image-300x300.png
93305727,https://static-cdn.jtvnw.net/jtv_user_pictures/9b1c0065-fd51-4752-b748-c8c175e779ba-profile_image-300x300.png
926274428,https://static-cdn.jtvnw.net/jtv_user_pictures/174b5b0f-ea78-4283-bfd4-fe225a77e89a-profile_image-300x300.png
37323664,https://static-cdn.jtvnw.net/jtv_user_pictures/sutanmi-profile_image-5ffca87b956c5faf-300x300.jpeg
583098940,https://static-cdn.jtvnw.net/jtv_user_pictures/5cafa187-8ad9-4908-90af-db6ad14ad9de-profile_image-300x300.png
510453927,https://static-cdn.jtvnw.net/jtv_user_pictures/90eaaff2-18b6-41df-ae32-77aab2fe67b3-profile_image-300x300.png
673440976,https://static-cdn.jtvnw.net/jtv_user_pictures/79f31fbf-1394-40f8-a4d5-98fe1db2c911-profile_image-300x300.png
798002538,https://static-cdn.jtvnw.net/jtv_user_pictures/41d9d7d1-67d6-4b68-90e2-8a47da8572de-profile_image-300x300.png
89969094,https://static-cdn.jtvnw.net/jtv_user_pictures/8c1c636f-0ad4-43df-ba29-16287570579d-profile_image-300x300.png
777700650,https://static-cdn.jtvnw.net/jtv_user_pictures/831018ec-c640-43c7-93b6-7a756a0d69a4-profile_image-300x300.png
557359020,https://static-cdn.jtvnw.net/jtv_user_pictures/bde8f8f1-1615-4df0-8745-dd5719e9ea92-profile_image-300x300.png
142898099,https://static-cdn.jtvnw.net/jtv_user_pictures/c5297d11-0203-488f-8188-0998d87e3e19-profile_image-300x300.png
735566294,https://static-cdn.jtvnw.net/jtv_user_pictures/eb51fbe7-28db-48ba-9d1f-3c4751c40837-profile_image-300x300.png
25233449,https://static-cdn.jtvnw.net/jtv_user_pictures/4b6ed591-e309-419c-ba31-f01c4b298069-profile_image-300x300.png
151409846,https://static-cdn.jtvnw.net/jtv_user_pictures/9b2783ff-f76e-40df-bc45-2146dde02a1b-profile_image-300x300.png
190110029,https://static-cdn.jtvnw.net/jtv_user_pictures/7cf48b89-3ef1-40e3-af79-7096754d5545-profile_image-300x300.png
587350743,https://static-cdn.jtvnw.net/jtv_user_pictures/41657c1a-3b79-44ce-855e-3fa5c2067700-profile_image-300x300.png
754246106,https://static-cdn.jtvnw.net/jtv_user_pictures/5c963027-b2ee-407d-a1e4-3294195033a9-profile_image-300x300.png
805456112,https://static-cdn.jtvnw.net/jtv_user_pictures/67e8f1ff-1a0a-46d7-9873-0ef25badfeb7-profile_image-300x300.png
439878030,https://static-cdn.jtvnw.net/jtv_user_pictures/683097bd-f6d4-47cf-9e4f-9122265fc5d9-profile_image-300x300.png
10985633,https://static-cdn.jtvnw.net/jtv_user_pictures/915382c5-df60-4f75-8e40-0c22833c8bad-profile_image-300x300.png
153450729,https://static-cdn.jtvnw.net/jtv_user_pictures/7285de71-edc2-4bfe-8e8a-550b27a8dcf8-profile_image-300x300.jpg
162145194,https://static-cdn.jtvnw.net/jtv_user_pictures/5b515c53-923d-4e8f-98f4-8047caaf5f33-profile_image-300x300.png
237061035,https://static-cdn.jtvnw.net/jtv_user_pictures/c015c4dc-31a0-49ad-a06b-342ed056892d-profile_image-300x300.png
858359149,https://static-cdn.jtvnw.net/jtv_user_pictures/8e94bbaa-8c94-4a5f-826c-2b5803d02b1a-profile_image-300x300.png
516315196,https://static-cdn.jtvnw.net/jtv_user_pictures/8bb7accb-2044-464c-b1b7-fea33c6dfbb5-profile_image-300x300.png
906442059,https://static-cdn.jtvnw.net/jtv_user_pictures/5092bc95-b766-4fc1-8b68-d4f81a349d6a-profile_image-300x300.png
886975861,https://static-cdn.jtvnw.net/jtv_user_pictures/d78c7cf1-5259-4656-aa00-f254624f7691-profile_image-300x300.png
738746247,https://static-cdn.jtvnw.net/jtv_user_pictures/e4180e0d-f541-4613-8814-de3128863c82-profile_image-300x300.png
124467333,https://static-cdn.jtvnw.net/jtv_user_pictures/5c7b0fd7-6f0b-4062-9d9e-cc34bc105e64-profile_image-300x300.png
93381903,https://static-cdn.jtvnw.net/jtv_user_pictures/e8d99953-6053-4634-9ff8-292e7e0906b1-profile_image-300x300.png
115590970,https://static-cdn.jtvnw.net/jtv_user_pictures/3bb02343-9b8e-4ba0-ad7e-8c82f27a675b-profile_image-300x300.png
671502034,https://static-cdn.jtvnw.net/jtv_user_pictures/b4b646a8-b6f4-4ffe-8873-e9205d5058ba-profile_image-300x300.png
825030170,https://static-cdn.jtvnw.net/jtv_user_pictures/4a66d3c0-471f-4814-b7a2-5448da3fc027-profile_image-300x300.png
941410031,https://static-cdn.jtvnw.net/jtv_user_pictures/6ec51eb9-e4e7-4d7f-869e-c877497c5907-profile_image-300x300.png
214306524,https://static-cdn.jtvnw.net/jtv_user_pictures/9d053671-ba7d-4cc5-a80c-8599ca4ebc21-profile_image-300x300.png
48677263,https://static-cdn.jtvnw.net/jtv_user_pictures/750c9ba5-f559-4e2f-b651-8b59ef2fca72-profile_image-300x300.png
45839490,https://static-cdn.jtvnw.net/jtv_user_pictures/alfrea-profile_image-33f66c56a9cfd86e-300x300.jpeg
470973222,https://static-cdn.jtvnw.net/jtv_user_pictures/298c9e74-4755-41d1-b7dd-5ad507b75ff9-profile_image-300x300.png
48962167,https://static-cdn.jtvnw.net/jtv_user_pictures/d7b3f8e8-b6e0-4c72-ad9b-f0bab5cdc21a-profile_image-300x300.png
582689327,https://static-cdn.jtvnw.net/jtv_user_pictures/9d6c2939-45ec-4413-933e-67c8a062fa82-profile_image-300x300.png
584184005,https://static-cdn.jtvnw.net/jtv_user_pictures/3c8667c4-7373-4280-9d7f-fee14ad908b2-profile_image-300x300.png
93828097,https://static-cdn.jtvnw.net/jtv_user_pictures/438af837-c6c1-4bd0-b292-fd35ccc06e29-profile_image-300x300.png
205775893,https://static-cdn.jtvnw.net/jtv_user_pictures/a34b6374-1469-4fbb-b54d-79be51210ea5-profile_image-300x300.png
165572706,https://static-cdn.jtvnw.net/jtv_user_pictures/90fc4896-f5df-406e-9f5b-8aa06f0f9b36-profile_image-300x300.jpg
862499417,https://static-cdn.jtvnw.net/jtv_user_pictures/08024b21-d96e-4a12-8aa9-b020e5cf35b5-profile_image-300x300.png
193290026,https://static-cdn.jtvnw.net/jtv_user_pictures/d84a1cac-ee7a-4b6b-9f3f-e3a8abfc8e30-profile_image-300x300.png
427263526,https://static-cdn.jtvnw.net/jtv_user_pictures/457abaa2-37eb-49b3-a8b5-aafb2f91ecfc-profile_image-300x300.png
55734416,https://static-cdn.jtvnw.net/jtv_user_pictures/296ec4d2-ec6b-4ae9-aae5-33ed1941e368-profile_image-300x300.png
716328913,https://static-cdn.jtvnw.net/jtv_user_pictures/152a6e55-a211-4241-b288-e430557e0891-profile_image-300x300.png
276504990,https://static-cdn.jtvnw.net/jtv_user_pictures/929df6b6-7738-40e9-86fc-43d5245618cd-profile_image-300x300.png
605425209,https://static-cdn.jtvnw.net/jtv_user_pictures/597664e5-0a2c-4e36-87d4-4d380d4c7bcc-profile_image-300x300.png
818506560,https://static-cdn.jtvnw.net/jtv_user_pictures/9cecd77d-0413-46da-be86-d3f0c0c5f654-profile_image-300x300.png
71181639,https://static-cdn.jtvnw.net/jtv_user_pictures/e3729a23-a14b-45b6-a39c-39c73348465f-profile_image-300x300.png
534168696,https://static-cdn.jtvnw.net/jtv_user_pictures/6736ff47-040a-4be4-be70-9c072a082073-profile_image-300x300.png
568682215,https://static-cdn.jtvnw.net/jtv_user_pictures/cda793c5-a533-4b7c-9412-d4f364a732d2-profile_image-300x300.png
137621174,https://static-cdn.jtvnw.net/jtv_user_pictures/72ead624-01a3-4f41-8e13-65b08fed01fd-profile_image-300x300.png
70947583,https://static-cdn.jtvnw.net/jtv_user_pictures/gutitubo-profile_image-0ed83d3655c0a82c-300x300.jpeg
598495509,https://static-cdn.jtvnw.net/jtv_user_pictures/f5ba0ca0-2187-41ea-b7bb-d0457b1dba0e-profile_image-300x300.png
752988454,https://static-cdn.jtvnw.net/jtv_user_pictures/c9923860-b55f-435f-be2d-560107cc2205-profile_image-300x300.png
77415295,https://static-cdn.jtvnw.net/jtv_user_pictures/4b329a05-aafd-4e91-87d0-ce8dc80c745c-profile_image-300x300.png
158804879,https://static-cdn.jtvnw.net/jtv_user_pictures/ed0caac8-947b-412f-8a54-411588450540-profile_image-300x300.png
67519684,https://static-cdn.jtvnw.net/jtv_user_pictures/46df8e2c-2304-440c-994a-1f131f29c469-profile_image-300x300.png
952340772,https://static-cdn.jtvnw.net/jtv_user_pictures/8f077ace-48ff-4f3a-b8b6-17fb13bc90b5-profile_image-300x300.png
214410049,https://static-cdn.jtvnw.net/jtv_user_pictures/99575024-410c-46ad-a452-0e8bbb3eee15-profile_image-300x300.png
217871888,https://static-cdn.jtvnw.net/jtv_user_pictures/f9ceed8c-4ae9-4e46-a249-4abf8e4f38c5-profile_image-300x300.png
203654142,https://static-cdn.jtvnw.net/jtv_user_pictures/da9de232-bbe2-4db9-90a6-e915f733f065-profile_image-300x300.png
119506529,https://static-cdn.jtvnw.net/jtv_user_pictures/2d5b1a2d-c5ed-45cb-9f92-e25bad456e1d-profile_image-300x300.png
44525650,https://static-cdn.jtvnw.net/jtv_user_pictures/794e906d-64d7-41ab-bb89-8fb159e4124b-profile_image-300x300.png
50988750,https://static-cdn.jtvnw.net/jtv_user_pictures/stylishnoob4-profile_image-08271f11296c16df-300x300.png
49207184,https://static-cdn.jtvnw.net/jtv_user_pictures/61f568bf-884b-4126-b17c-fc525c6d3bd4-profile_image-300x300.png
